Date,Album,AlbumURL,AlbumImageURL,Artist,ArtistURL
1945-03-24,King Cole Trio,/wiki/The_King_Cole_Trio_(album),http://upload.wikimedia.org/wikipedia/en/1/1a/TheKingColeTrio.jpg,King Cole Trio,/wiki/King_Cole_Trio
1945-03-31,King Cole Trio,/wiki/The_King_Cole_Trio_(album),http://upload.wikimedia.org/wikipedia/en/1/1a/TheKingColeTrio.jpg,King Cole Trio,/wiki/King_Cole_Trio
1945-04-07,King Cole Trio,/wiki/The_King_Cole_Trio_(album),http://upload.wikimedia.org/wikipedia/en/1/1a/TheKingColeTrio.jpg,King Cole Trio,/wiki/King_Cole_Trio
1945-04-14,Song of Norway,/wiki/Song_of_Norway,http://upload.wikimedia.org/wikipedia/en/1/1a/TheKingColeTrio.jpg,Original Cast,
1945-04-21,King Cole Trio,/wiki/The_King_Cole_Trio_(album),http://upload.wikimedia.org/wikipedia/en/1/1a/TheKingColeTrio.jpg,King Cole Trio,/wiki/King_Cole_Trio
1945-04-28,King Cole Trio,/wiki/The_King_Cole_Trio_(album),http://upload.wikimedia.org/wikipedia/en/1/1a/TheKingColeTrio.jpg,King Cole Trio,/wiki/King_Cole_Trio
1945-05-05,Song of Norway,/wiki/Song_of_Norway,http://upload.wikimedia.org/wikipedia/en/1/1a/TheKingColeTrio.jpg,Original Cast,
1945-05-12,Glenn Miller,/wiki/Glenn_Miller_(1945_album),http://upload.wikimedia.org/wikipedia/en/2/2c/Glenn_Miller_1945_RCA_Album_P148.jpg,Glenn Miller,/wiki/Glenn_Miller
1945-05-19,Glenn Miller,/wiki/Glenn_Miller_(1945_album),http://upload.wikimedia.org/wikipedia/en/2/2c/Glenn_Miller_1945_RCA_Album_P148.jpg,Glenn Miller,/wiki/Glenn_Miller
1945-05-19,King Cole Trio,/wiki/The_King_Cole_Trio_(album),http://upload.wikimedia.org/wikipedia/en/2/2c/Glenn_Miller_1945_RCA_Album_P148.jpg,King Cole Trio,/wiki/King_Cole_Trio
1945-05-26,King Cole Trio,/wiki/The_King_Cole_Trio_(album),http://upload.wikimedia.org/wikipedia/en/1/1a/TheKingColeTrio.jpg,King Cole Trio,/wiki/King_Cole_Trio
1945-06-02,King Cole Trio,/wiki/The_King_Cole_Trio_(album),http://upload.wikimedia.org/wikipedia/en/1/1a/TheKingColeTrio.jpg,King Cole Trio,/wiki/King_Cole_Trio
1945-06-09,King Cole Trio,/wiki/The_King_Cole_Trio_(album),http://upload.wikimedia.org/wikipedia/en/1/1a/TheKingColeTrio.jpg,King Cole Trio,/wiki/King_Cole_Trio
1945-06-16,King Cole Trio,/wiki/The_King_Cole_Trio_(album),http://upload.wikimedia.org/wikipedia/en/1/1a/TheKingColeTrio.jpg,King Cole Trio,/wiki/King_Cole_Trio
1945-06-23,King Cole Trio,/wiki/The_King_Cole_Trio_(album),http://upload.wikimedia.org/wikipedia/en/1/1a/TheKingColeTrio.jpg,King Cole Trio,/wiki/King_Cole_Trio
1945-06-30,Glenn Miller,,http://upload.wikimedia.org/wikipedia/en/1/1a/TheKingColeTrio.jpg,Glenn Miller & His Orchestra,
1945-07-07,Glenn Miller,,http://upload.wikimedia.org/wikipedia/en/1/1a/TheKingColeTrio.jpg,Glenn Miller & His Orchestra,
1945-07-14,Glenn Miller,,http://upload.wikimedia.org/wikipedia/commons/2/28/Joan_Baez_Bob_Dylan_crop.jpg,Glenn Miller & His Orchestra,
1945-07-21,Glenn Miller,,http://upload.wikimedia.org/wikipedia/commons/2/28/Joan_Baez_Bob_Dylan_crop.jpg,Glenn Miller & His Orchestra,
1945-07-28,Glenn Miller,,http://upload.wikimedia.org/wikipedia/commons/2/28/Joan_Baez_Bob_Dylan_crop.jpg,Glenn Miller & His Orchestra,
1945-08-04,King Cole Trio,/wiki/The_King_Cole_Trio_(album),http://upload.wikimedia.org/wikipedia/commons/2/28/Joan_Baez_Bob_Dylan_crop.jpg,King Cole Trio,/wiki/King_Cole_Trio
1945-08-11,Glenn Miller,,http://upload.wikimedia.org/wikipedia/commons/2/28/Joan_Baez_Bob_Dylan_crop.jpg,Glenn Miller & His Orchestra,
1945-08-11,Carousel,/wiki/Carousel_(musical),http://upload.wikimedia.org/wikipedia/en/8/88/Musical1945-Carousel-OriginalPoster.jpg,Original Cast,
1945-08-18,Carousel,/wiki/Carousel_(musical),http://upload.wikimedia.org/wikipedia/en/8/88/Musical1945-Carousel-OriginalPoster.jpg,Original Cast,
1945-08-25,Carousel,/wiki/Carousel_(musical),http://upload.wikimedia.org/wikipedia/en/8/88/Musical1945-Carousel-OriginalPoster.jpg,Original Cast,
1945-09-01,Carousel,/wiki/Carousel_(musical),http://upload.wikimedia.org/wikipedia/en/8/88/Musical1945-Carousel-OriginalPoster.jpg,Original Cast,
1945-09-08,Carousel,/wiki/Carousel_(musical),http://upload.wikimedia.org/wikipedia/en/8/88/Musical1945-Carousel-OriginalPoster.jpg,Original Cast,
1945-09-15,Carousel,/wiki/Carousel_(musical),http://upload.wikimedia.org/wikipedia/en/8/88/Musical1945-Carousel-OriginalPoster.jpg,Original Cast,
1945-09-15,Boogie Woogie,,http://upload.wikimedia.org/wikipedia/en/8/88/Musical1945-Carousel-OriginalPoster.jpg,Freddie Slack,/wiki/Freddie_Slack
1945-09-22,Boogie Woogie,,http://upload.wikimedia.org/wikipedia/en/8/88/Musical1945-Carousel-OriginalPoster.jpg,Freddie Slack,/wiki/Freddie_Slack
1945-09-29,Boogie Woogie,,http://upload.wikimedia.org/wikipedia/commons/2/28/Joan_Baez_Bob_Dylan_crop.jpg,Freddie Slack,/wiki/Freddie_Slack
1945-10-06,Boogie Woogie,,http://upload.wikimedia.org/wikipedia/commons/2/28/Joan_Baez_Bob_Dylan_crop.jpg,Freddie Slack,/wiki/Freddie_Slack
1945-10-13,Boogie Woogie,,http://upload.wikimedia.org/wikipedia/commons/2/28/Joan_Baez_Bob_Dylan_crop.jpg,Freddie Slack,/wiki/Freddie_Slack
1945-10-20,Selections from Going My Way,/wiki/Selections_from_Going_My_Way,http://upload.wikimedia.org/wikipedia/commons/5/51/Bing_Going_My_Way.jpg,Bing Crosby,/wiki/Bing_Crosby
1945-10-27,Selections from Going My Way,/wiki/Selections_from_Going_My_Way,http://upload.wikimedia.org/wikipedia/commons/5/51/Bing_Going_My_Way.jpg,Bing Crosby,/wiki/Bing_Crosby
1945-11-03,Selections from Going My Way,/wiki/Selections_from_Going_My_Way,http://upload.wikimedia.org/wikipedia/commons/5/51/Bing_Going_My_Way.jpg,Bing Crosby,/wiki/Bing_Crosby
1945-11-10,Selections from Going My Way,/wiki/Selections_from_Going_My_Way,http://upload.wikimedia.org/wikipedia/commons/5/51/Bing_Going_My_Way.jpg,Bing Crosby,/wiki/Bing_Crosby
1945-11-17,Selections from Going My Way,/wiki/Selections_from_Going_My_Way,http://upload.wikimedia.org/wikipedia/commons/5/51/Bing_Going_My_Way.jpg,Bing Crosby,/wiki/Bing_Crosby
1945-11-24,Selections from Going My Way,/wiki/Selections_from_Going_My_Way,http://upload.wikimedia.org/wikipedia/commons/5/51/Bing_Going_My_Way.jpg,Bing Crosby,/wiki/Bing_Crosby
1945-12-01,On The Moonbeam,,http://upload.wikimedia.org/wikipedia/commons/5/51/Bing_Going_My_Way.jpg,Vaughn Monroe,/wiki/Vaughn_Monroe
1945-12-08,Merry Christmas,/wiki/Merry_Christmas_(Bing_Crosby_album),http://upload.wikimedia.org/wikipedia/commons/8/86/A-550_1947.jpg,Bing Crosby,
1945-12-15,Merry Christmas,/wiki/Merry_Christmas_(Bing_Crosby_album),http://upload.wikimedia.org/wikipedia/commons/8/86/A-550_1947.jpg,Bing Crosby,
1945-12-22,Merry Christmas,/wiki/Merry_Christmas_(Bing_Crosby_album),http://upload.wikimedia.org/wikipedia/commons/8/86/A-550_1947.jpg,Bing Crosby,
1945-12-29,Merry Christmas,/wiki/Merry_Christmas_(Bing_Crosby_album),http://upload.wikimedia.org/wikipedia/commons/8/86/A-550_1947.jpg,Bing Crosby,
1946-01-05,Merry Christmas,/wiki/Merry_Christmas_(Bing_Crosby_album),http://upload.wikimedia.org/wikipedia/commons/8/86/A-550_1947.jpg,Bing Crosby,
1946-01-12,Merry Christmas,/wiki/Merry_Christmas_(Bing_Crosby_album),http://upload.wikimedia.org/wikipedia/commons/8/86/A-550_1947.jpg,Bing Crosby,
1946-01-19,On The Moonbeam,,http://upload.wikimedia.org/wikipedia/commons/8/86/A-550_1947.jpg,Vaughn Monroe,/wiki/Vaughn_Monroe
1946-01-26,On The Moonbeam,,http://upload.wikimedia.org/wikipedia/commons/2/28/Joan_Baez_Bob_Dylan_crop.jpg,Vaughn Monroe,/wiki/Vaughn_Monroe
1946-02-02,On The Moonbeam,,http://upload.wikimedia.org/wikipedia/commons/2/28/Joan_Baez_Bob_Dylan_crop.jpg,Vaughn Monroe,/wiki/Vaughn_Monroe
1946-02-09,On The Moonbeam,,http://upload.wikimedia.org/wikipedia/commons/2/28/Joan_Baez_Bob_Dylan_crop.jpg,Vaughn Monroe,/wiki/Vaughn_Monroe
1946-02-16,On The Moonbeam,,http://upload.wikimedia.org/wikipedia/commons/2/28/Joan_Baez_Bob_Dylan_crop.jpg,Vaughn Monroe,/wiki/Vaughn_Monroe
1946-02-23,State Fair,/wiki/State_Fair_(1945_film),http://upload.wikimedia.org/wikipedia/en/9/9c/Starfair1945poster.jpg,Dick Haymes,/wiki/Dick_Haymes
1946-03-02,State Fair,/wiki/State_Fair_(1945_film),http://upload.wikimedia.org/wikipedia/en/9/9c/Starfair1945poster.jpg,Dick Haymes,/wiki/Dick_Haymes
1946-03-09,State Fair,/wiki/State_Fair_(1945_film),http://upload.wikimedia.org/wikipedia/en/9/9c/Starfair1945poster.jpg,Dick Haymes,/wiki/Dick_Haymes
1946-03-16,State Fair,/wiki/State_Fair_(1945_film),http://upload.wikimedia.org/wikipedia/en/9/9c/Starfair1945poster.jpg,Dick Haymes,/wiki/Dick_Haymes
1946-03-23,The Bells of St. Mary's,,http://upload.wikimedia.org/wikipedia/en/9/9c/Starfair1945poster.jpg,Bing Crosby,
1946-03-30,The Bells of St. Mary's,,http://upload.wikimedia.org/wikipedia/en/9/9c/Starfair1945poster.jpg,Bing Crosby,
1946-04-06,The Voice of Frank Sinatra,/wiki/The_Voice_of_Frank_Sinatra,http://upload.wikimedia.org/wikipedia/en/3/3d/Voiceoffranksinatraoriginal.jpg,Frank Sinatra,/wiki/Frank_Sinatra
1946-04-13,The Voice of Frank Sinatra,/wiki/The_Voice_of_Frank_Sinatra,http://upload.wikimedia.org/wikipedia/en/3/3d/Voiceoffranksinatraoriginal.jpg,Frank Sinatra,/wiki/Frank_Sinatra
1946-04-20,The Voice of Frank Sinatra,/wiki/The_Voice_of_Frank_Sinatra,http://upload.wikimedia.org/wikipedia/en/3/3d/Voiceoffranksinatraoriginal.jpg,Frank Sinatra,/wiki/Frank_Sinatra
1946-04-27,The Voice of Frank Sinatra,/wiki/The_Voice_of_Frank_Sinatra,http://upload.wikimedia.org/wikipedia/en/3/3d/Voiceoffranksinatraoriginal.jpg,Frank Sinatra,/wiki/Frank_Sinatra
1946-05-04,The Voice of Frank Sinatra,/wiki/The_Voice_of_Frank_Sinatra,http://upload.wikimedia.org/wikipedia/en/3/3d/Voiceoffranksinatraoriginal.jpg,Frank Sinatra,/wiki/Frank_Sinatra
1946-05-11,The Voice of Frank Sinatra,/wiki/The_Voice_of_Frank_Sinatra,http://upload.wikimedia.org/wikipedia/en/3/3d/Voiceoffranksinatraoriginal.jpg,Frank Sinatra,/wiki/Frank_Sinatra
1946-05-18,The Voice of Frank Sinatra,/wiki/The_Voice_of_Frank_Sinatra,http://upload.wikimedia.org/wikipedia/en/3/3d/Voiceoffranksinatraoriginal.jpg,Frank Sinatra,/wiki/Frank_Sinatra
1946-05-25,Benny Goodman Sextet,,http://upload.wikimedia.org/wikipedia/en/3/3d/Voiceoffranksinatraoriginal.jpg,Benny Goodman Sextet,/wiki/Benny_Goodman
1946-06-01,Benny Goodman Sextet,,http://upload.wikimedia.org/wikipedia/en/3/3d/Voiceoffranksinatraoriginal.jpg,Benny Goodman Sextet,/wiki/Benny_Goodman
1946-06-08,Glenn Miller,/wiki/Glenn_Miller_(1945_album),http://upload.wikimedia.org/wikipedia/en/3/3d/Voiceoffranksinatraoriginal.jpg,Glenn Miller,/wiki/Glenn_Miller
1946-06-15,Benny Goodman Sextet,,http://upload.wikimedia.org/wikipedia/en/3/3d/Voiceoffranksinatraoriginal.jpg,Benny Goodman Sextet,/wiki/Benny_Goodman
1946-06-22,Glenn Miller,,http://upload.wikimedia.org/wikipedia/en/3/3d/Voiceoffranksinatraoriginal.jpg,Glenn Miller & His Orchestra,
1946-06-29,Glenn Miller,,http://upload.wikimedia.org/wikipedia/commons/2/28/Joan_Baez_Bob_Dylan_crop.jpg,Glenn Miller & His Orchestra,
1946-07-06,Glenn Miller,,http://upload.wikimedia.org/wikipedia/commons/2/28/Joan_Baez_Bob_Dylan_crop.jpg,Glenn Miller & His Orchestra,
1946-07-13,Glenn Miller,,http://upload.wikimedia.org/wikipedia/commons/2/28/Joan_Baez_Bob_Dylan_crop.jpg,Glenn Miller & His Orchestra,
1946-07-20,Dancing In The Dark,,http://upload.wikimedia.org/wikipedia/commons/2/28/Joan_Baez_Bob_Dylan_crop.jpg,Carmen Cavallaro,/wiki/Carmen_Cavallaro
1946-07-27,Dancing In The Dark,,http://upload.wikimedia.org/wikipedia/commons/2/28/Joan_Baez_Bob_Dylan_crop.jpg,Carmen Cavallaro,/wiki/Carmen_Cavallaro
1946-08-03,Dancing In The Dark,,http://upload.wikimedia.org/wikipedia/commons/2/28/Joan_Baez_Bob_Dylan_crop.jpg,Carmen Cavallaro,/wiki/Carmen_Cavallaro
1946-08-10,Dancing In The Dark,,http://upload.wikimedia.org/wikipedia/commons/2/28/Joan_Baez_Bob_Dylan_crop.jpg,Carmen Cavallaro,/wiki/Carmen_Cavallaro
1946-08-17,"King Cole Trio, Volume 2",,http://upload.wikimedia.org/wikipedia/commons/2/28/Joan_Baez_Bob_Dylan_crop.jpg,King Cole Trio,/wiki/King_Cole_Trio
1946-08-24,"King Cole Trio, Volume 2",,http://upload.wikimedia.org/wikipedia/commons/2/28/Joan_Baez_Bob_Dylan_crop.jpg,King Cole Trio,/wiki/King_Cole_Trio
1946-08-31,Cole Porter Review,,http://upload.wikimedia.org/wikipedia/commons/2/28/Joan_Baez_Bob_Dylan_crop.jpg,David Rose,/wiki/David_Rose_(songwriter)
1946-09-07,Cole Porter Review,,http://upload.wikimedia.org/wikipedia/commons/2/28/Joan_Baez_Bob_Dylan_crop.jpg,David Rose,/wiki/David_Rose_(songwriter)
1946-09-14,"King Cole Trio, Volume 2",,http://upload.wikimedia.org/wikipedia/commons/2/28/Joan_Baez_Bob_Dylan_crop.jpg,King Cole Trio,/wiki/King_Cole_Trio
1946-09-21,"King Cole Trio, Volume 2",,http://upload.wikimedia.org/wikipedia/commons/2/28/Joan_Baez_Bob_Dylan_crop.jpg,King Cole Trio,/wiki/King_Cole_Trio
1946-09-28,The Ink Spots,,http://upload.wikimedia.org/wikipedia/commons/2/28/Joan_Baez_Bob_Dylan_crop.jpg,The Ink Spots,/wiki/The_Ink_Spots
1946-10-05,The Ink Spots,,http://upload.wikimedia.org/wikipedia/commons/2/28/Joan_Baez_Bob_Dylan_crop.jpg,The Ink Spots,/wiki/The_Ink_Spots
1946-10-12,The Ink Spots,,http://upload.wikimedia.org/wikipedia/commons/2/28/Joan_Baez_Bob_Dylan_crop.jpg,The Ink Spots,/wiki/The_Ink_Spots
1946-10-19,The Ink Spots,,http://upload.wikimedia.org/wikipedia/commons/2/28/Joan_Baez_Bob_Dylan_crop.jpg,The Ink Spots,/wiki/The_Ink_Spots
1946-10-26,The Ink Spots,,http://upload.wikimedia.org/wikipedia/commons/2/28/Joan_Baez_Bob_Dylan_crop.jpg,The Ink Spots,/wiki/The_Ink_Spots
1946-11-02,The Ink Spots,,http://upload.wikimedia.org/wikipedia/commons/2/28/Joan_Baez_Bob_Dylan_crop.jpg,The Ink Spots,/wiki/The_Ink_Spots
1946-11-09,The Ink Spots,,http://upload.wikimedia.org/wikipedia/commons/2/28/Joan_Baez_Bob_Dylan_crop.jpg,The Ink Spots,/wiki/The_Ink_Spots
1946-11-16,Merry Christmas Music,,http://upload.wikimedia.org/wikipedia/commons/2/28/Joan_Baez_Bob_Dylan_crop.jpg,Perry Como,/wiki/Perry_Como
1946-11-23,Merry Christmas,/wiki/Merry_Christmas_(Bing_Crosby_album),http://upload.wikimedia.org/wikipedia/commons/2/28/Joan_Baez_Bob_Dylan_crop.jpg,Bing Crosby,
1946-11-30,Merry Christmas,/wiki/Merry_Christmas_(Bing_Crosby_album),http://upload.wikimedia.org/wikipedia/commons/8/86/A-550_1947.jpg,Bing Crosby,
1946-12-07,Merry Christmas,/wiki/Merry_Christmas_(Bing_Crosby_album),http://upload.wikimedia.org/wikipedia/commons/8/86/A-550_1947.jpg,Bing Crosby,
1946-12-14,Merry Christmas,/wiki/Merry_Christmas_(Bing_Crosby_album),http://upload.wikimedia.org/wikipedia/commons/8/86/A-550_1947.jpg,Bing Crosby,
1946-12-21,Merry Christmas,/wiki/Merry_Christmas_(Bing_Crosby_album),http://upload.wikimedia.org/wikipedia/commons/8/86/A-550_1947.jpg,Bing Crosby,
1946-12-28,Merry Christmas,/wiki/Merry_Christmas_(Bing_Crosby_album),http://upload.wikimedia.org/wikipedia/commons/8/86/A-550_1947.jpg,Bing Crosby,
1947-01-04,Merry Christmas,/wiki/Merry_Christmas_(Bing_Crosby_album),http://upload.wikimedia.org/wikipedia/commons/8/86/A-550_1947.jpg,Bing Crosby,
1947-01-11,All The Favorites,,http://upload.wikimedia.org/wikipedia/commons/8/86/A-550_1947.jpg,Harry James,/wiki/Harry_James
1947-01-18,Glenn Miller,/wiki/Glenn_Miller_(1945_album),http://upload.wikimedia.org/wikipedia/commons/8/86/A-550_1947.jpg,Glenn Miller,/wiki/Glenn_Miller
1947-01-25,Glenn Miller,/wiki/Glenn_Miller_(1945_album),http://upload.wikimedia.org/wikipedia/en/2/2c/Glenn_Miller_1945_RCA_Album_P148.jpg,Glenn Miller,/wiki/Glenn_Miller
1947-02-01,"Al Jolson, Vol. 1",,http://upload.wikimedia.org/wikipedia/en/2/2c/Glenn_Miller_1945_RCA_Album_P148.jpg,Al Jolson,/wiki/Al_Jolson
1947-02-08,Glenn Miller,,http://upload.wikimedia.org/wikipedia/en/2/2c/Glenn_Miller_1945_RCA_Album_P148.jpg,Glenn Miller & His Orchestra,
1947-02-15,"Al Jolson, Vol. 1",,http://upload.wikimedia.org/wikipedia/en/2/2c/Glenn_Miller_1945_RCA_Album_P148.jpg,Al Jolson,/wiki/Al_Jolson
1947-02-22,"Al Jolson, Vol. 1",,http://upload.wikimedia.org/wikipedia/commons/2/28/Joan_Baez_Bob_Dylan_crop.jpg,Al Jolson,/wiki/Al_Jolson
1947-03-01,"Al Jolson, Vol. 1",,http://upload.wikimedia.org/wikipedia/commons/2/28/Joan_Baez_Bob_Dylan_crop.jpg,Al Jolson,/wiki/Al_Jolson
1947-03-08,"Al Jolson, Vol. 1",,http://upload.wikimedia.org/wikipedia/commons/2/28/Joan_Baez_Bob_Dylan_crop.jpg,Al Jolson,/wiki/Al_Jolson
1947-03-15,"Al Jolson, Vol. 1",,http://upload.wikimedia.org/wikipedia/commons/2/28/Joan_Baez_Bob_Dylan_crop.jpg,Al Jolson,/wiki/Al_Jolson
1947-03-22,"Al Jolson, Vol. 1",,http://upload.wikimedia.org/wikipedia/commons/2/28/Joan_Baez_Bob_Dylan_crop.jpg,Al Jolson,/wiki/Al_Jolson
1947-03-29,"Al Jolson, Vol. 1",,http://upload.wikimedia.org/wikipedia/commons/2/28/Joan_Baez_Bob_Dylan_crop.jpg,Al Jolson,/wiki/Al_Jolson
1947-04-05,"Al Jolson, Vol. 1",,http://upload.wikimedia.org/wikipedia/commons/2/28/Joan_Baez_Bob_Dylan_crop.jpg,Al Jolson,/wiki/Al_Jolson
1947-04-12,"Al Jolson, Vol. 1",,http://upload.wikimedia.org/wikipedia/commons/2/28/Joan_Baez_Bob_Dylan_crop.jpg,Al Jolson,/wiki/Al_Jolson
1947-04-19,"Al Jolson, Vol. 1",,http://upload.wikimedia.org/wikipedia/commons/2/28/Joan_Baez_Bob_Dylan_crop.jpg,Al Jolson,/wiki/Al_Jolson
1947-04-26,"Al Jolson, Vol. 1",,http://upload.wikimedia.org/wikipedia/commons/2/28/Joan_Baez_Bob_Dylan_crop.jpg,Al Jolson,/wiki/Al_Jolson
1947-05-03,"Al Jolson, Vol. 1",,http://upload.wikimedia.org/wikipedia/commons/2/28/Joan_Baez_Bob_Dylan_crop.jpg,Al Jolson,/wiki/Al_Jolson
1947-05-10,"Al Jolson, Vol. 1",,http://upload.wikimedia.org/wikipedia/commons/2/28/Joan_Baez_Bob_Dylan_crop.jpg,Al Jolson,/wiki/Al_Jolson
1947-05-17,"Al Jolson, Vol. 1",,http://upload.wikimedia.org/wikipedia/commons/2/28/Joan_Baez_Bob_Dylan_crop.jpg,Al Jolson,/wiki/Al_Jolson
1947-05-24,"Al Jolson, Vol. 1",,http://upload.wikimedia.org/wikipedia/commons/2/28/Joan_Baez_Bob_Dylan_crop.jpg,Al Jolson,/wiki/Al_Jolson
1947-05-31,"Al Jolson, Vol. 1",,http://upload.wikimedia.org/wikipedia/commons/2/28/Joan_Baez_Bob_Dylan_crop.jpg,Al Jolson,/wiki/Al_Jolson
1947-06-07,"Al Jolson, Vol. 1",,http://upload.wikimedia.org/wikipedia/commons/2/28/Joan_Baez_Bob_Dylan_crop.jpg,Al Jolson,/wiki/Al_Jolson
1947-06-14,"Al Jolson, Vol. 1",,http://upload.wikimedia.org/wikipedia/commons/2/28/Joan_Baez_Bob_Dylan_crop.jpg,Al Jolson,/wiki/Al_Jolson
1947-06-21,"Al Jolson, Vol. 1",,http://upload.wikimedia.org/wikipedia/commons/2/28/Joan_Baez_Bob_Dylan_crop.jpg,Al Jolson,/wiki/Al_Jolson
1947-06-28,"Al Jolson, Vol. 1",,http://upload.wikimedia.org/wikipedia/commons/2/28/Joan_Baez_Bob_Dylan_crop.jpg,Al Jolson,/wiki/Al_Jolson
1947-07-05,"Al Jolson, Vol. 1",,http://upload.wikimedia.org/wikipedia/commons/2/28/Joan_Baez_Bob_Dylan_crop.jpg,Al Jolson,/wiki/Al_Jolson
1947-07-12,"Al Jolson, Vol. 1",,http://upload.wikimedia.org/wikipedia/commons/2/28/Joan_Baez_Bob_Dylan_crop.jpg,Al Jolson,/wiki/Al_Jolson
1947-07-19,"Al Jolson, Vol. 1",,http://upload.wikimedia.org/wikipedia/commons/2/28/Joan_Baez_Bob_Dylan_crop.jpg,Al Jolson,/wiki/Al_Jolson
1947-07-26,"Al Jolson, Vol. 1",,http://upload.wikimedia.org/wikipedia/commons/2/28/Joan_Baez_Bob_Dylan_crop.jpg,Al Jolson,/wiki/Al_Jolson
1947-08-02,Dorothy Shay Sings,,http://upload.wikimedia.org/wikipedia/commons/2/28/Joan_Baez_Bob_Dylan_crop.jpg,Dorothy Shay,/wiki/Dorothy_Shay
1947-08-09,Dorothy Shay Sings,,http://upload.wikimedia.org/wikipedia/commons/2/28/Joan_Baez_Bob_Dylan_crop.jpg,Dorothy Shay,/wiki/Dorothy_Shay
1947-08-16,Al Jolson Souvenir Album,,http://upload.wikimedia.org/wikipedia/commons/2/28/Joan_Baez_Bob_Dylan_crop.jpg,Al Jolson,
1947-08-23,Al Jolson Souvenir Album,,http://upload.wikimedia.org/wikipedia/commons/2/28/Joan_Baez_Bob_Dylan_crop.jpg,Al Jolson,
1947-08-30,Al Jolson Souvenir Album,,http://upload.wikimedia.org/wikipedia/commons/2/28/Joan_Baez_Bob_Dylan_crop.jpg,Al Jolson,
1947-09-06,Al Jolson Souvenir Album,,http://upload.wikimedia.org/wikipedia/commons/2/28/Joan_Baez_Bob_Dylan_crop.jpg,Al Jolson,
1947-09-13,Al Jolson Souvenir Album,,http://upload.wikimedia.org/wikipedia/commons/2/28/Joan_Baez_Bob_Dylan_crop.jpg,Al Jolson,
1947-09-20,Al Jolson Souvenir Album,,http://upload.wikimedia.org/wikipedia/commons/2/28/Joan_Baez_Bob_Dylan_crop.jpg,Al Jolson,
1947-09-27,Dorothy Shay Sings,,http://upload.wikimedia.org/wikipedia/commons/2/28/Joan_Baez_Bob_Dylan_crop.jpg,Dorothy Shay,/wiki/Dorothy_Shay
1947-10-04,Al Jolson Souvenir Album,,http://upload.wikimedia.org/wikipedia/commons/2/28/Joan_Baez_Bob_Dylan_crop.jpg,Al Jolson,
1947-10-11,Dorothy Shay Sings,,http://upload.wikimedia.org/wikipedia/commons/2/28/Joan_Baez_Bob_Dylan_crop.jpg,Dorothy Shay,/wiki/Dorothy_Shay
1947-10-18,Al Jolson Souvenir Album,,http://upload.wikimedia.org/wikipedia/commons/2/28/Joan_Baez_Bob_Dylan_crop.jpg,Al Jolson,
1947-10-25,Dorothy Shay Sings,,http://upload.wikimedia.org/wikipedia/commons/2/28/Joan_Baez_Bob_Dylan_crop.jpg,Dorothy Shay,/wiki/Dorothy_Shay
1947-11-01,Al Jolson Souvenir Album,,http://upload.wikimedia.org/wikipedia/commons/2/28/Joan_Baez_Bob_Dylan_crop.jpg,Al Jolson,
1947-11-08,Glenn Miller Masterpieces Vol. II,,http://upload.wikimedia.org/wikipedia/commons/2/28/Joan_Baez_Bob_Dylan_crop.jpg,Glenn Miller & His Orchestra,
1947-11-15,Merry Christmas,/wiki/Merry_Christmas_(Bing_Crosby_album),http://upload.wikimedia.org/wikipedia/commons/2/28/Joan_Baez_Bob_Dylan_crop.jpg,Bing Crosby,
1947-11-22,Merry Christmas,/wiki/Merry_Christmas_(Bing_Crosby_album),http://upload.wikimedia.org/wikipedia/commons/8/86/A-550_1947.jpg,Bing Crosby,
1947-11-29,Merry Christmas,/wiki/Merry_Christmas_(Bing_Crosby_album),http://upload.wikimedia.org/wikipedia/commons/8/86/A-550_1947.jpg,Bing Crosby,
1947-12-06,Merry Christmas,/wiki/Merry_Christmas_(Bing_Crosby_album),http://upload.wikimedia.org/wikipedia/commons/8/86/A-550_1947.jpg,Bing Crosby,
1947-12-13,Merry Christmas,/wiki/Merry_Christmas_(Bing_Crosby_album),http://upload.wikimedia.org/wikipedia/commons/8/86/A-550_1947.jpg,Bing Crosby,
1947-12-20,Merry Christmas,/wiki/Merry_Christmas_(Bing_Crosby_album),http://upload.wikimedia.org/wikipedia/commons/8/86/A-550_1947.jpg,Bing Crosby,
1947-12-27,Merry Christmas,/wiki/Merry_Christmas_(Bing_Crosby_album),http://upload.wikimedia.org/wikipedia/commons/8/86/A-550_1947.jpg,Bing Crosby,
1948-01-03,Merry Christmas,/wiki/Merry_Christmas_(Bing_Crosby_album),http://upload.wikimedia.org/wikipedia/commons/8/86/A-550_1947.jpg,Bing Crosby,
1948-01-10,Al Jolson Souvenir Album,,http://upload.wikimedia.org/wikipedia/commons/8/86/A-550_1947.jpg,Al Jolson,
1948-01-17,Glenn Miller Masterpieces Vol. II,,http://upload.wikimedia.org/wikipedia/commons/8/86/A-550_1947.jpg,Glenn Miller,/wiki/Glenn_Miller
1948-01-24,Dorothy Shay Goes To Town,,http://upload.wikimedia.org/wikipedia/commons/8/86/A-550_1947.jpg,Dorothy Shay,/wiki/Dorothy_Shay
1948-01-31,Glenn Miller Masterpieces Vol. II,,http://upload.wikimedia.org/wikipedia/commons/8/86/A-550_1947.jpg,Glenn Miller,/wiki/Glenn_Miller
1948-02-07,Glenn Miller Masterpieces Vol. II,,http://upload.wikimedia.org/wikipedia/commons/2/28/Joan_Baez_Bob_Dylan_crop.jpg,Glenn Miller,/wiki/Glenn_Miller
1948-02-14,Glenn Miller Masterpieces Vol. II,,http://upload.wikimedia.org/wikipedia/commons/2/28/Joan_Baez_Bob_Dylan_crop.jpg,Glenn Miller,/wiki/Glenn_Miller
1948-02-21,Glenn Miller Masterpieces Vol. II,,http://upload.wikimedia.org/wikipedia/commons/2/28/Joan_Baez_Bob_Dylan_crop.jpg,Glenn Miller,/wiki/Glenn_Miller
1948-02-28,A Sentimental Date With Perry,,http://upload.wikimedia.org/wikipedia/commons/2/28/Joan_Baez_Bob_Dylan_crop.jpg,Perry Como,/wiki/Perry_Como
1948-03-06,A Sentimental Date With Perry,,http://upload.wikimedia.org/wikipedia/commons/2/28/Joan_Baez_Bob_Dylan_crop.jpg,Perry Como,/wiki/Perry_Como
1948-03-13,A Sentimental Date With Perry,,http://upload.wikimedia.org/wikipedia/commons/2/28/Joan_Baez_Bob_Dylan_crop.jpg,Perry Como,/wiki/Perry_Como
1948-03-20,St. Patrick's Day,/wiki/St._Patrick%27s_Day_(Bing_Crosby_album),http://upload.wikimedia.org/wikipedia/commons/3/31/A-495_St._Patrick%27s_Day.jpg,Bing Crosby,
1948-03-27,St. Patrick's Day,/wiki/St._Patrick%27s_Day_(Bing_Crosby_album),http://upload.wikimedia.org/wikipedia/commons/3/31/A-495_St._Patrick%27s_Day.jpg,Bing Crosby,
1948-04-03,Down Memory Lane,,http://upload.wikimedia.org/wikipedia/commons/3/31/A-495_St._Patrick%27s_Day.jpg,Vaughn Monroe,/wiki/Vaughn_Monroe
1948-04-10,Down Memory Lane,,http://upload.wikimedia.org/wikipedia/commons/3/31/A-495_St._Patrick%27s_Day.jpg,Vaughn Monroe,/wiki/Vaughn_Monroe
1948-04-17,Down Memory Lane,,http://upload.wikimedia.org/wikipedia/commons/2/28/Joan_Baez_Bob_Dylan_crop.jpg,Vaughn Monroe,/wiki/Vaughn_Monroe
1948-04-24,Down Memory Lane,,http://upload.wikimedia.org/wikipedia/commons/2/28/Joan_Baez_Bob_Dylan_crop.jpg,Vaughn Monroe,/wiki/Vaughn_Monroe
1948-05-01,Down Memory Lane,,http://upload.wikimedia.org/wikipedia/commons/2/28/Joan_Baez_Bob_Dylan_crop.jpg,Vaughn Monroe,/wiki/Vaughn_Monroe
1948-05-08,Down Memory Lane,,http://upload.wikimedia.org/wikipedia/commons/2/28/Joan_Baez_Bob_Dylan_crop.jpg,Vaughn Monroe,/wiki/Vaughn_Monroe
1948-05-15,Busy Fingers,,http://upload.wikimedia.org/wikipedia/commons/2/28/Joan_Baez_Bob_Dylan_crop.jpg,The Three Suns,/wiki/The_Three_Suns
1948-05-22,Songs of Our Times - 1932,,http://upload.wikimedia.org/wikipedia/commons/2/28/Joan_Baez_Bob_Dylan_crop.jpg,Carmen Cavallaro,/wiki/Carmen_Cavallaro
1948-05-29,A Presentation of Progressive Jazz,,http://upload.wikimedia.org/wikipedia/commons/2/28/Joan_Baez_Bob_Dylan_crop.jpg,Stan Kenton,/wiki/Stan_Kenton
1948-06-05,A Presentation of Progressive Jazz,,http://upload.wikimedia.org/wikipedia/commons/2/28/Joan_Baez_Bob_Dylan_crop.jpg,Stan Kenton,/wiki/Stan_Kenton
1948-06-12,A Presentation of Progressive Jazz,,http://upload.wikimedia.org/wikipedia/commons/2/28/Joan_Baez_Bob_Dylan_crop.jpg,Stan Kenton,/wiki/Stan_Kenton
1948-06-19,A Presentation of Progressive Jazz,,http://upload.wikimedia.org/wikipedia/commons/2/28/Joan_Baez_Bob_Dylan_crop.jpg,Stan Kenton,/wiki/Stan_Kenton
1948-06-26,A Presentation of Progressive Jazz,,http://upload.wikimedia.org/wikipedia/commons/2/28/Joan_Baez_Bob_Dylan_crop.jpg,Stan Kenton,/wiki/Stan_Kenton
1948-07-03,A Presentation of Progressive Jazz,,http://upload.wikimedia.org/wikipedia/commons/2/28/Joan_Baez_Bob_Dylan_crop.jpg,Stan Kenton,/wiki/Stan_Kenton
1948-07-10,A Presentation of Progressive Jazz,,http://upload.wikimedia.org/wikipedia/commons/2/28/Joan_Baez_Bob_Dylan_crop.jpg,Stan Kenton,/wiki/Stan_Kenton
1948-07-17,A Presentation of Progressive Jazz,,http://upload.wikimedia.org/wikipedia/commons/2/28/Joan_Baez_Bob_Dylan_crop.jpg,Stan Kenton,/wiki/Stan_Kenton
1948-07-24,Al Jolson Volume III,,http://upload.wikimedia.org/wikipedia/commons/2/28/Joan_Baez_Bob_Dylan_crop.jpg,Al Jolson,
1948-07-31,Al Jolson Volume III,,http://upload.wikimedia.org/wikipedia/commons/2/28/Joan_Baez_Bob_Dylan_crop.jpg,Al Jolson,
1948-08-07,Al Jolson Volume III,,http://upload.wikimedia.org/wikipedia/commons/2/28/Joan_Baez_Bob_Dylan_crop.jpg,Al Jolson,
1948-08-14,Al Jolson Volume III,,http://upload.wikimedia.org/wikipedia/commons/2/28/Joan_Baez_Bob_Dylan_crop.jpg,Al Jolson,
1948-08-21,Al Jolson Volume III,,http://upload.wikimedia.org/wikipedia/commons/2/28/Joan_Baez_Bob_Dylan_crop.jpg,Al Jolson,
1948-08-28,Al Jolson Volume III,,http://upload.wikimedia.org/wikipedia/commons/2/28/Joan_Baez_Bob_Dylan_crop.jpg,Al Jolson,
1948-09-04,Al Jolson Volume III,,http://upload.wikimedia.org/wikipedia/commons/2/28/Joan_Baez_Bob_Dylan_crop.jpg,Al Jolson,
1948-09-11,Al Jolson Volume III,,http://upload.wikimedia.org/wikipedia/commons/2/28/Joan_Baez_Bob_Dylan_crop.jpg,Al Jolson,
1948-09-18,Al Jolson Volume III,,http://upload.wikimedia.org/wikipedia/commons/2/28/Joan_Baez_Bob_Dylan_crop.jpg,Al Jolson,
1948-09-25,Al Jolson Volume III,,http://upload.wikimedia.org/wikipedia/commons/2/28/Joan_Baez_Bob_Dylan_crop.jpg,Al Jolson,
1948-10-02,Al Jolson Volume III,,http://upload.wikimedia.org/wikipedia/commons/2/28/Joan_Baez_Bob_Dylan_crop.jpg,Al Jolson,
1948-10-09,Al Jolson Volume III,,http://upload.wikimedia.org/wikipedia/commons/2/28/Joan_Baez_Bob_Dylan_crop.jpg,Al Jolson,
1948-10-16,Theme Songs,,http://upload.wikimedia.org/wikipedia/commons/2/28/Joan_Baez_Bob_Dylan_crop.jpg,Various Artists,
1948-10-23,Al Jolson Volume III,,http://upload.wikimedia.org/wikipedia/commons/2/28/Joan_Baez_Bob_Dylan_crop.jpg,Al Jolson,
1948-10-30,Al Jolson Volume III,,http://upload.wikimedia.org/wikipedia/commons/2/28/Joan_Baez_Bob_Dylan_crop.jpg,Al Jolson,
1948-11-06,Theme Songs,,http://upload.wikimedia.org/wikipedia/commons/2/28/Joan_Baez_Bob_Dylan_crop.jpg,Various Artists,
1948-11-13,Theme Songs,,http://upload.wikimedia.org/wikipedia/commons/2/28/Joan_Baez_Bob_Dylan_crop.jpg,Various Artists,
1948-11-20,Merry Christmas,/wiki/Merry_Christmas_(Bing_Crosby_album),http://upload.wikimedia.org/wikipedia/commons/2/28/Joan_Baez_Bob_Dylan_crop.jpg,Bing Crosby,
1948-11-27,Merry Christmas,/wiki/Merry_Christmas_(Bing_Crosby_album),http://upload.wikimedia.org/wikipedia/commons/8/86/A-550_1947.jpg,Bing Crosby,
1948-12-04,Merry Christmas,/wiki/Merry_Christmas_(Bing_Crosby_album),http://upload.wikimedia.org/wikipedia/commons/8/86/A-550_1947.jpg,Bing Crosby,
1948-12-11,Merry Christmas,/wiki/Merry_Christmas_(Bing_Crosby_album),http://upload.wikimedia.org/wikipedia/commons/8/86/A-550_1947.jpg,Bing Crosby,
1948-12-18,Merry Christmas,/wiki/Merry_Christmas_(Bing_Crosby_album),http://upload.wikimedia.org/wikipedia/commons/8/86/A-550_1947.jpg,Bing Crosby,
1948-12-25,Merry Christmas,/wiki/Merry_Christmas_(Bing_Crosby_album),http://upload.wikimedia.org/wikipedia/commons/8/86/A-550_1947.jpg,Bing Crosby,
1949-01-01,Merry Christmas,/wiki/Merry_Christmas_(Bing_Crosby_album),http://upload.wikimedia.org/wikipedia/commons/8/86/A-550_1947.jpg,Bing Crosby,
1949-01-08,Merry Christmas,/wiki/Merry_Christmas_(Bing_Crosby_album),http://upload.wikimedia.org/wikipedia/commons/8/86/A-550_1947.jpg,Bing Crosby,
1949-01-15,Merry Christmas,/wiki/Merry_Christmas_(Bing_Crosby_album),http://upload.wikimedia.org/wikipedia/commons/8/86/A-550_1947.jpg,Bing Crosby,
1949-01-22,Vaughn Monroe Sings,,http://upload.wikimedia.org/wikipedia/commons/8/86/A-550_1947.jpg,Vaughn Monroe,/wiki/Vaughn_Monroe
1949-01-29,Roses In Rhythm,,http://upload.wikimedia.org/wikipedia/commons/8/86/A-550_1947.jpg,Frankie Carle,/wiki/Frankie_Carle
1949-02-05,Vaughn Monroe Sings,,http://upload.wikimedia.org/wikipedia/commons/8/86/A-550_1947.jpg,Vaughn Monroe,/wiki/Vaughn_Monroe
1949-02-12,Words and Music,/wiki/Words_and_Music_(1948_film),http://upload.wikimedia.org/wikipedia/en/d/de/Words_and_Music_%281948_film%29_poster.jpg,Soundtrack,
1949-02-19,Words and Music,/wiki/Words_and_Music_(1948_film),http://upload.wikimedia.org/wikipedia/en/d/de/Words_and_Music_%281948_film%29_poster.jpg,Soundtrack,
1949-02-26,Words and Music,/wiki/Words_and_Music_(1948_film),http://upload.wikimedia.org/wikipedia/en/d/de/Words_and_Music_%281948_film%29_poster.jpg,Soundtrack,
1949-03-05,Words and Music,/wiki/Words_and_Music_(1948_film),http://upload.wikimedia.org/wikipedia/en/d/de/Words_and_Music_%281948_film%29_poster.jpg,Soundtrack,
1949-03-12,Words and Music,/wiki/Words_and_Music_(1948_film),http://upload.wikimedia.org/wikipedia/en/d/de/Words_and_Music_%281948_film%29_poster.jpg,Soundtrack,
1949-03-19,"Kiss Me, Kate","/wiki/Kiss_Me,_Kate",http://upload.wikimedia.org/wikipedia/en/0/01/Kiss_Me_Kate_1950_LP_Cover.jpg,Original Cast,
1949-03-26,Words and Music,/wiki/Words_and_Music_(1948_film),http://upload.wikimedia.org/wikipedia/en/0/01/Kiss_Me_Kate_1950_LP_Cover.jpg,Soundtrack,
1949-04-02,"Kiss Me, Kate","/wiki/Kiss_Me,_Kate",http://upload.wikimedia.org/wikipedia/en/0/01/Kiss_Me_Kate_1950_LP_Cover.jpg,Original Cast,
1949-04-09,"Kiss Me, Kate","/wiki/Kiss_Me,_Kate",http://upload.wikimedia.org/wikipedia/en/0/01/Kiss_Me_Kate_1950_LP_Cover.jpg,Original Cast,
1949-04-16,"Kiss Me, Kate","/wiki/Kiss_Me,_Kate",http://upload.wikimedia.org/wikipedia/en/0/01/Kiss_Me_Kate_1950_LP_Cover.jpg,Original Cast,
1949-04-23,"Kiss Me, Kate","/wiki/Kiss_Me,_Kate",http://upload.wikimedia.org/wikipedia/en/0/01/Kiss_Me_Kate_1950_LP_Cover.jpg,Original Cast,
1949-04-30,"Kiss Me, Kate","/wiki/Kiss_Me,_Kate",http://upload.wikimedia.org/wikipedia/en/0/01/Kiss_Me_Kate_1950_LP_Cover.jpg,Original Cast,
1949-05-07,"Kiss Me, Kate","/wiki/Kiss_Me,_Kate",http://upload.wikimedia.org/wikipedia/en/0/01/Kiss_Me_Kate_1950_LP_Cover.jpg,Original Cast,
1949-05-14,"Kiss Me, Kate","/wiki/Kiss_Me,_Kate",http://upload.wikimedia.org/wikipedia/en/0/01/Kiss_Me_Kate_1950_LP_Cover.jpg,Original Cast,
1949-05-21,"Kiss Me, Kate","/wiki/Kiss_Me,_Kate",http://upload.wikimedia.org/wikipedia/en/0/01/Kiss_Me_Kate_1950_LP_Cover.jpg,Original Cast,
1949-05-28,"Kiss Me, Kate","/wiki/Kiss_Me,_Kate",http://upload.wikimedia.org/wikipedia/en/0/01/Kiss_Me_Kate_1950_LP_Cover.jpg,Original Cast,
1949-06-04,South Pacific,/wiki/South_Pacific_(musical),http://upload.wikimedia.org/wikipedia/en/6/6b/Musical1949-SouthPacific-OriginalPoster.jpg,Original Cast,
1949-06-11,South Pacific,/wiki/South_Pacific_(musical),http://upload.wikimedia.org/wikipedia/en/6/6b/Musical1949-SouthPacific-OriginalPoster.jpg,Original Cast,
1949-06-18,South Pacific,/wiki/South_Pacific_(musical),http://upload.wikimedia.org/wikipedia/en/6/6b/Musical1949-SouthPacific-OriginalPoster.jpg,Original Cast,
1949-06-25,South Pacific,/wiki/South_Pacific_(musical),http://upload.wikimedia.org/wikipedia/en/6/6b/Musical1949-SouthPacific-OriginalPoster.jpg,Original Cast,
1949-07-02,South Pacific,/wiki/South_Pacific_(musical),http://upload.wikimedia.org/wikipedia/en/6/6b/Musical1949-SouthPacific-OriginalPoster.jpg,Original Cast,
1949-07-09,South Pacific,/wiki/South_Pacific_(musical),http://upload.wikimedia.org/wikipedia/en/6/6b/Musical1949-SouthPacific-OriginalPoster.jpg,Original Cast,
1949-07-16,South Pacific,/wiki/South_Pacific_(musical),http://upload.wikimedia.org/wikipedia/en/6/6b/Musical1949-SouthPacific-OriginalPoster.jpg,Original Cast,
1949-07-23,South Pacific,/wiki/South_Pacific_(musical),http://upload.wikimedia.org/wikipedia/en/6/6b/Musical1949-SouthPacific-OriginalPoster.jpg,Original Cast,
1949-07-30,South Pacific,/wiki/South_Pacific_(musical),http://upload.wikimedia.org/wikipedia/en/6/6b/Musical1949-SouthPacific-OriginalPoster.jpg,Original Cast,
1949-08-06,South Pacific,/wiki/South_Pacific_(musical),http://upload.wikimedia.org/wikipedia/en/6/6b/Musical1949-SouthPacific-OriginalPoster.jpg,Original Cast,
1949-08-13,South Pacific,/wiki/South_Pacific_(musical),http://upload.wikimedia.org/wikipedia/en/6/6b/Musical1949-SouthPacific-OriginalPoster.jpg,Original Cast,
1949-08-20,South Pacific,/wiki/South_Pacific_(musical),http://upload.wikimedia.org/wikipedia/en/6/6b/Musical1949-SouthPacific-OriginalPoster.jpg,Original Cast,
1949-08-27,South Pacific,/wiki/South_Pacific_(musical),http://upload.wikimedia.org/wikipedia/en/6/6b/Musical1949-SouthPacific-OriginalPoster.jpg,Original Cast,
1949-09-03,South Pacific,/wiki/South_Pacific_(musical),http://upload.wikimedia.org/wikipedia/en/6/6b/Musical1949-SouthPacific-OriginalPoster.jpg,Original Cast,
1949-09-10,South Pacific,/wiki/South_Pacific_(musical),http://upload.wikimedia.org/wikipedia/en/6/6b/Musical1949-SouthPacific-OriginalPoster.jpg,Original Cast,
1949-09-17,South Pacific,/wiki/South_Pacific_(musical),http://upload.wikimedia.org/wikipedia/en/6/6b/Musical1949-SouthPacific-OriginalPoster.jpg,Original Cast,
1949-09-24,South Pacific,/wiki/South_Pacific_(musical),http://upload.wikimedia.org/wikipedia/en/6/6b/Musical1949-SouthPacific-OriginalPoster.jpg,Original Cast,
1949-10-01,South Pacific,/wiki/South_Pacific_(musical),http://upload.wikimedia.org/wikipedia/en/6/6b/Musical1949-SouthPacific-OriginalPoster.jpg,Original Cast,
1949-10-08,South Pacific,/wiki/South_Pacific_(musical),http://upload.wikimedia.org/wikipedia/en/6/6b/Musical1949-SouthPacific-OriginalPoster.jpg,Original Cast,
1949-10-15,South Pacific,/wiki/South_Pacific_(musical),http://upload.wikimedia.org/wikipedia/en/6/6b/Musical1949-SouthPacific-OriginalPoster.jpg,Original Cast,
1949-10-22,South Pacific,/wiki/South_Pacific_(musical),http://upload.wikimedia.org/wikipedia/en/6/6b/Musical1949-SouthPacific-OriginalPoster.jpg,Original Cast,
1949-10-29,South Pacific,/wiki/South_Pacific_(musical),http://upload.wikimedia.org/wikipedia/en/6/6b/Musical1949-SouthPacific-OriginalPoster.jpg,Original Cast,
1949-11-05,South Pacific,/wiki/South_Pacific_(musical),http://upload.wikimedia.org/wikipedia/en/6/6b/Musical1949-SouthPacific-OriginalPoster.jpg,Original Cast,
1949-11-12,South Pacific,/wiki/South_Pacific_(musical),http://upload.wikimedia.org/wikipedia/en/6/6b/Musical1949-SouthPacific-OriginalPoster.jpg,Original Cast,
1949-11-19,South Pacific,/wiki/South_Pacific_(musical),http://upload.wikimedia.org/wikipedia/en/6/6b/Musical1949-SouthPacific-OriginalPoster.jpg,Original Cast,
1949-11-26,South Pacific,/wiki/South_Pacific_(musical),http://upload.wikimedia.org/wikipedia/en/6/6b/Musical1949-SouthPacific-OriginalPoster.jpg,Original Cast,
1949-12-03,South Pacific,/wiki/South_Pacific_(musical),http://upload.wikimedia.org/wikipedia/en/6/6b/Musical1949-SouthPacific-OriginalPoster.jpg,Original Cast,
1949-12-10,South Pacific,/wiki/South_Pacific_(musical),http://upload.wikimedia.org/wikipedia/en/6/6b/Musical1949-SouthPacific-OriginalPoster.jpg,Original Cast,
1949-12-17,South Pacific,/wiki/South_Pacific_(musical),http://upload.wikimedia.org/wikipedia/en/6/6b/Musical1949-SouthPacific-OriginalPoster.jpg,Original Cast,
1949-12-24,Merry Christmas,/wiki/Merry_Christmas_(Bing_Crosby_album),http://upload.wikimedia.org/wikipedia/en/6/6b/Musical1949-SouthPacific-OriginalPoster.jpg,Bing Crosby,
1949-12-31,Merry Christmas,/wiki/Merry_Christmas_(Bing_Crosby_album),http://upload.wikimedia.org/wikipedia/commons/8/86/A-550_1947.jpg,Bing Crosby,
1950-01-07,Merry Christmas,/wiki/Merry_Christmas_(Bing_Crosby_album),http://upload.wikimedia.org/wikipedia/commons/8/86/A-550_1947.jpg,Bing Crosby,
1950-01-14,South Pacific,/wiki/South_Pacific_(musical),http://upload.wikimedia.org/wikipedia/commons/8/86/A-550_1947.jpg,Original Cast,
1950-01-21,South Pacific,/wiki/South_Pacific_(musical),http://upload.wikimedia.org/wikipedia/en/6/6b/Musical1949-SouthPacific-OriginalPoster.jpg,Original Cast,
1950-01-28,South Pacific,/wiki/South_Pacific_(musical),http://upload.wikimedia.org/wikipedia/en/6/6b/Musical1949-SouthPacific-OriginalPoster.jpg,Original Cast,
1950-02-04,South Pacific,/wiki/South_Pacific_(musical),http://upload.wikimedia.org/wikipedia/en/6/6b/Musical1949-SouthPacific-OriginalPoster.jpg,Original Cast,
1950-02-11,South Pacific,/wiki/South_Pacific_(musical),http://upload.wikimedia.org/wikipedia/en/6/6b/Musical1949-SouthPacific-OriginalPoster.jpg,Original Cast,
1950-02-18,South Pacific,/wiki/South_Pacific_(musical),http://upload.wikimedia.org/wikipedia/en/6/6b/Musical1949-SouthPacific-OriginalPoster.jpg,Original Cast,
1950-02-25,South Pacific,/wiki/South_Pacific_(musical),http://upload.wikimedia.org/wikipedia/en/6/6b/Musical1949-SouthPacific-OriginalPoster.jpg,Original Cast,
1950-03-04,South Pacific,/wiki/South_Pacific_(musical),http://upload.wikimedia.org/wikipedia/en/6/6b/Musical1949-SouthPacific-OriginalPoster.jpg,Original Cast,
1950-03-11,South Pacific,/wiki/South_Pacific_(musical),http://upload.wikimedia.org/wikipedia/en/6/6b/Musical1949-SouthPacific-OriginalPoster.jpg,Original Cast,
1950-03-18,South Pacific,/wiki/South_Pacific_(musical),http://upload.wikimedia.org/wikipedia/en/6/6b/Musical1949-SouthPacific-OriginalPoster.jpg,Original Cast,
1950-03-25,South Pacific,/wiki/South_Pacific_(musical),http://upload.wikimedia.org/wikipedia/en/6/6b/Musical1949-SouthPacific-OriginalPoster.jpg,Original Cast,
1950-04-01,South Pacific,/wiki/South_Pacific_(musical),http://upload.wikimedia.org/wikipedia/en/6/6b/Musical1949-SouthPacific-OriginalPoster.jpg,Original Cast,
1950-04-08,South Pacific,/wiki/South_Pacific_(musical),http://upload.wikimedia.org/wikipedia/en/6/6b/Musical1949-SouthPacific-OriginalPoster.jpg,Original Cast,
1950-04-15,South Pacific,/wiki/South_Pacific_(musical),http://upload.wikimedia.org/wikipedia/en/6/6b/Musical1949-SouthPacific-OriginalPoster.jpg,Original Cast,
1950-04-22,South Pacific,/wiki/South_Pacific_(musical),http://upload.wikimedia.org/wikipedia/en/6/6b/Musical1949-SouthPacific-OriginalPoster.jpg,Original Cast,
1950-04-29,South Pacific,/wiki/South_Pacific_(musical),http://upload.wikimedia.org/wikipedia/en/6/6b/Musical1949-SouthPacific-OriginalPoster.jpg,Original Cast,
1950-05-06,Cinderella,/wiki/Cinderella_(1950_film)#Soundtrack,http://upload.wikimedia.org/wikipedia/en/4/44/Cinderella-disney-poster.jpg,Soundtrack,
1950-05-13,Young Man With A Horn,/wiki/Young_Man_with_a_Horn_(soundtrack),http://upload.wikimedia.org/wikipedia/en/9/99/Question_book-new.svg,Doris Day,/wiki/Doris_Day
1950-05-20,Young Man With A Horn,/wiki/Young_Man_with_a_Horn_(soundtrack),http://upload.wikimedia.org/wikipedia/en/9/99/Question_book-new.svg,Doris Day,/wiki/Doris_Day
1950-05-20,Cinderella,/wiki/Cinderella_(1950_film)#Soundtrack,http://upload.wikimedia.org/wikipedia/en/9/99/Question_book-new.svg,Soundtrack,
1950-05-27,Young Man With A Horn,,http://upload.wikimedia.org/wikipedia/en/9/99/Question_book-new.svg,Doris Day & Harry James,
1950-06-03,South Pacific,/wiki/South_Pacific_(musical),http://upload.wikimedia.org/wikipedia/en/9/99/Question_book-new.svg,Original Cast,
1950-06-10,South Pacific,/wiki/South_Pacific_(musical),http://upload.wikimedia.org/wikipedia/en/6/6b/Musical1949-SouthPacific-OriginalPoster.jpg,Original Cast,
1950-06-17,South Pacific,/wiki/South_Pacific_(musical),http://upload.wikimedia.org/wikipedia/en/6/6b/Musical1949-SouthPacific-OriginalPoster.jpg,Original Cast,
1950-06-24,South Pacific,/wiki/South_Pacific_(musical),http://upload.wikimedia.org/wikipedia/en/6/6b/Musical1949-SouthPacific-OriginalPoster.jpg,Original Cast,
1950-07-01,South Pacific,/wiki/South_Pacific_(musical),http://upload.wikimedia.org/wikipedia/en/6/6b/Musical1949-SouthPacific-OriginalPoster.jpg,Original Cast,
1950-07-08,South Pacific,/wiki/South_Pacific_(musical),http://upload.wikimedia.org/wikipedia/en/6/6b/Musical1949-SouthPacific-OriginalPoster.jpg,Original Cast,
1950-07-15,Young Man With A Horn,,http://upload.wikimedia.org/wikipedia/en/6/6b/Musical1949-SouthPacific-OriginalPoster.jpg,Doris Day & Harry James,
1950-07-22,South Pacific,/wiki/South_Pacific_(musical),http://upload.wikimedia.org/wikipedia/en/6/6b/Musical1949-SouthPacific-OriginalPoster.jpg,Original Cast,
1950-07-29,Young Man With A Horn,,http://upload.wikimedia.org/wikipedia/en/6/6b/Musical1949-SouthPacific-OriginalPoster.jpg,Doris Day & Harry James,
1950-08-05,Young Man With A Horn,,http://upload.wikimedia.org/wikipedia/commons/2/28/Joan_Baez_Bob_Dylan_crop.jpg,Doris Day & Harry James,
1950-08-12,South Pacific,/wiki/South_Pacific_(musical),http://upload.wikimedia.org/wikipedia/commons/2/28/Joan_Baez_Bob_Dylan_crop.jpg,Original Cast,
1950-08-19,South Pacific,/wiki/South_Pacific_(musical),http://upload.wikimedia.org/wikipedia/en/6/6b/Musical1949-SouthPacific-OriginalPoster.jpg,Original Cast,
1950-08-26,Young Man With A Horn,,http://upload.wikimedia.org/wikipedia/en/6/6b/Musical1949-SouthPacific-OriginalPoster.jpg,Doris Day & Harry James,
1950-09-02,Young Man With A Horn,,http://upload.wikimedia.org/wikipedia/commons/2/28/Joan_Baez_Bob_Dylan_crop.jpg,Doris Day & Harry James,
1950-09-09,Young Man With A Horn,,http://upload.wikimedia.org/wikipedia/commons/2/28/Joan_Baez_Bob_Dylan_crop.jpg,Doris Day & Harry James,
1950-09-16,Young Man With A Horn,,http://upload.wikimedia.org/wikipedia/commons/2/28/Joan_Baez_Bob_Dylan_crop.jpg,Doris Day & Harry James,
1950-09-23,Young Man With A Horn,,http://upload.wikimedia.org/wikipedia/commons/2/28/Joan_Baez_Bob_Dylan_crop.jpg,Doris Day & Harry James,
